"_","Id","Name"
"[Account]","001NS00000QnBk4YAF","Edge Communications"
"[Account]","001NS00000QnBk5YAF","Burlington Textiles Corp of America"
"[Account]","001NS00000QnBk6YAF","Pyramid Construction Inc."
"[Account]","001NS00000QnBk7YAF","Dickenson plc"
"[Account]","001NS00000QnBk8YAF","Grand Hotels & Resorts Ltd"
"[Account]","001NS00000QnBk9YAF","United Oil & Gas Corp."
"[Account]","001NS00000QnBkAYAV","Express Logistics and Transport"
"[Account]","001NS00000QnBkBYAV","University of Arizona"
"[Account]","001NS00000QnBkCYAV","United Oil & Gas, UK"
"[Account]","001NS00000QnBkDYAV","United Oil & Gas, Singapore"
"[Account]","001NS00000QnBkEYAV","GenePoint"
"[Account]","001NS00000QnBkFYAV","sForce"
"[Account]","001NS00000QnBkGYAV","Sample Account for Entitlements"
"[Account]","001NS00000T7tBzYAJ","Get Cloudy"
"[Account]","001NS00000T8zKGYAZ","Get Cloudy West"
"[Account]","001NS00000T9UELYA3","Get Cloudy South"
"[Account]","001NS00000dazBVYAY","Contest1"
"[Account]","001NS00000w0C7pYAE","Testla"
"[Account]","001NS00000woPLCYA2","Gapblue"
"[Account]","001NS00000xBqVxYAK","[not provided]"
"[Account]","001NS00000xCecQYAS","Arlo"
"[Account]","001NS00000xOtB9YAK","Testla"
"[Account]","001NS00000xPSqMYAW","TST"
"[Account]","001NS00000xPTw5YAG","TST"
"[Account]","001NS00000xPlt2YAC","[not provided]"
"[Account]","001NS00000xPodxYAC","Pro 11"
"[Account]","001NS00000xPqUTYA0","Gapblue"
"[Account]","001NS00000xk6ejYAA","Gapblue"
"[Account]","001NS00000xwDe1YAE","Gapblue"
"[Account]","001NS00000xwF7xYAE","Get Cloudy South"
"[Account]","001NS00000yhTPBYA2","test acc"
"[Account]","001NS00000z34wnYAA","Arlo"
"[Account]","001NS00000zYm7CYAS","TST"
"[Account]","001NS00000zZR75YAG","TST"
"[Account]","001NS00000zZVqbYAG","TEST"
"[Account]","001NS00000zZaiDYAS","TST"
"[Account]","001NS00000zZc0rYAC","TST"
"[Account]","001NS00000ziUtjYAE","TST"
"[Account]","001NS00000zioytYAA","TST"
"[Account]","001NS00000zk0ZnYAI","TST"
"[Account]","001NS00000zkMs2YAE","TST"
"[Account]","001NS00000zkP57YAE","TST"
"[Account]","001NS00000zkPl3YAE","TST"
"[Account]","001NS00000zl6d7YAA","TST"
"[Account]","001NS00000zlFW3YAM","TST"
"[Account]","001NS00000zlW9NYAU","TST"
"[Account]","001NS00000zlgv7YAA","TST"
"[Account]","001NS00000zltXNYAY","TST"
"[Account]","001NS00000zmgeXYAQ","TST"
"[Account]","001NS00000zmwEfYAI","TST"
"[Account]","001NS00000znFcIYAU","TST"
"[Account]","001NS00000zxtN8YAI","TST"
"[Account]","001NS00000zzUR3YAM","Gapblue"
"[Account]","001NS00000zzu29YAA","Gapblue"
"[Account]","001NS00001001gLYAQ","TST"
"[Account]","001NS000010AqsuYAC","Gapblue"
"[Account]","001NS000010BOw9YAG","Gapblue"
"[Account]","001NS000010BR9FYAW","TST"
"[Account]","001NS000010Bs7qYAC","Gapblue"
"[Account]","001NS000010ByErYAK","Gapblue"
"[Account]","001NS000010C5GLYA0","Gapblue"
"[Account]","001NS000010CYNBYA4","Gapblue"
"[Account]","001NS000010FgBJYA0","Gapblue"
"[Account]","001NS000010G1hBYAS","Gapblue"
"[Account]","001NS000010G2tNYAS","Arlo"
"[Account]","001NS000010OcgLYAS","Gapblue"
"[Account]","001NS000010WD1dYAG","Gapblue"
"[Account]","001NS000010fYtHYAU","Gapblue"
"[Account]","001NS000010feU1YAI","Gapblue"
"[Account]","001NS000010lDpLYAU","Arlo"
"[Account]","001NS000010lcfeYAA","Gapblue"
"[Account]","001NS000010lnXqYAI","Arlo"
"[Account]","001NS000010m0WLYAY","Gapblue"
"[Account]","001NS000010m112YAA","Arlo"
"[Account]","001NS000010mDSHYA2","Gapblue"
"[Account]","001NS000010n1nGYAQ","QAW"
"[Account]","001NS000010n7UTYAY","UST"
"[Account]","001NS000010nj1uYAA","Arlo"
"[Account]","001NS000010nrkEYAQ","QAW"
"[Account]","001NS000010o49ZYAQ","QAW"
"[Account]","001NS000010qFfFYAU","UST"
"[Account]","001NS000010whqTYAQ","QAW"
"[Account]","001NS000011CWMSYA4","QAW"
"[Account]","001NS000011DXhpYAG","UST"
"[Account]","001NS000011RE4EYAW","TST"
"[Account]","001NS000011aI2BYAU","WWW"
"[Account]","001NS000012kMohYAE","Arlo"
"[Account]","001NS000012nTOzYAM","Arlo"
"[Account]","001NS000015n9JpYAI","Gapblue"
"[Account]","001NS0000162YssYAE","Gapblue"
"[Account]","001NS0000162a1pYAA","Gapblue"
"[Account]","001NS0000162a8HYAQ","Gapblue"
"[Account]","001NS0000164DIsYAM","Arlo"
"[Account]","001NS0000164TvVYAU","Gapblue"
"[Account]","001NS0000164UI5YAM","UST"
"[Account]","001NS000016FnhBYAS","111 Test"
"[Account]","001NS000016Foa1YAC","test22"
"[Account]","001NS000016HCFMYA4","UST"
"[Account]","001NS000016HfCTYA0","Gapblue"
"[Account]","001NS000016TAfxYAG","TST"
"[Account]","001NS000017BrdzYAC","WWW"
"[Account]","001NS000017DoYkYAK","UST"
"[Account]","001NS000017FDGXYA4","John"
"[Account]","001NS000019kKR8YAM","TestNewAcct 1"
"[Account]","001NS000019kKR9YAM","TestNewAcct 2"
"[Account]","001NS000019kKRAYA2","TestNewAcct 3"
"[Account]","001NS000019kKRBYA2","TestNewAcct 4"
"[Account]","001NS000019kKRCYA2","TestNewAcct 5"
"[Account]","001NS000019n3dOYAQ","rerr"
"[Account]","001NS000019nbQXYAY","sssdsd"